{
  "type": "FeatureCollection",
  "features": [
    {
      "type": "Feature",
      "properties": {
        "id": "TN-01",
        "name": "Ariyalur",
        "state": "Tamil Nadu",
        "latitude": 11.1401,
        "longitude": 79.0786,
        "elevation": 76
      },
      "geometry": {
        "type": "Polygon",
        "coordinates": [
          [
            [
              79.23943,
              11.1401
            ],
            [
              79.25311,
              11.20748
            ],
            [
              79.26619,
              11.31495
            ],
            [
              79.18803,
              11.38636
            ],
            [
              79.0786,
              11.3562
            ],
            [
              79.00641,
              11.30256
            ],
            [
              78.916,
              11.29166
            ],
            [
              78.78803,
              11.25229
            ],
            [
              78.74714,
              11.1401
            ],
            [
              78.85597,
              11.05414
            ],
            [
              78.98347,
              11.05143
            ],
            [
              79.0274,
              11.02488
            ],
            [
              79.0786,
              10.91067
            ],
            [
              79.21321,
              10.83718
            ],
            [
              79.31937,
              10.91568
            ],
            [
              79.29664,
              11.05592
            ],
            [
              79.23943,
              11.1401
            ]
          ]
        ]
      }
    },
    {
      "type": "Feature",
      "properties": {
        "id": "TN-02",
        "name": "Chengalpattu",
        "state": "Tamil Nadu",
        "latitude": 12.6841,
        "longitude": 79.9836,
        "elevation": 36
      },
      "geometry": {
        "type": "Polygon",
        "coordinates": [
          [
            [
              80.18959,
              12.6841
            ],
            [
              80.22986,
              12.77864
            ],
            [
              80.19352,
              12.87866
            ],
            [
              80.07565,
              12.89006
            ],
            [
              79.9836,
              12.83293
            ],
            [
              79.92026,
              12.82584
            ],
            [
              79.79294,
              12.86081
            ],
            [
              79.64789,
              12.81298
            ],
            [
              79.6461,
              12.6841
            ],
            [
              79.78573,
              12.60814
            ],
            [
              79.89502,
              12.602
            ],
            [
              79.92177,
              12.54575
            ],
            [
              79.9836,
              12.43224
            ],
            [
              80.10972,
              12.4019
            ],
            [
              80.18444,
              12.49796
            ],
            [
              80.17793,
              12.6095
            ],
            [
              80.18959,
              12.6841
            ]
          ]
        ]
      }
    },
    {
      "type": "Feature",
      "properties": {
        "id": "TN-03",
        "name": "Chennai",
        "state": "Tamil Nadu",
        "latitude": 13.0827,
        "longitude": 80.2707,
        "elevation": 6
      },
      "geometry": {
        "type": "Polygon",
        "coordinates": [
          [
            [
              80.42802,
              13.0827
            ],
            [
              80.4359,
              13.14602
            ],
            [
              80.4553,
              13.25352
            ],
            [
              80.38348,
              13.33464
            ],
            [
              80.2707,
              13.31102
            ],
            [
              80.19556,
              13.25056
            ],
            [
              80.11135,
              13.23015
            ],
            [
              79.9882,
              13.19098
            ],
            [
              79.94094,
              13.0827
            ],
            [
              80.04179,
              12.99496
            ],
            [
              80.17072,
              12.99018
            ],
            [
              80.21936,
              12.96801
            ],
            [
              80.2707,
              12.85734
            ],
            [
              80.40634,
              12.77969
            ],
            [
              80.51787,
              12.85398
            ],
            [
              80.49497,
              12.99674
            ],
            [
              80.42802,
              13.0827
            ]
          ]
        ]
      }
    },
    {
      "type": "Feature",
      "properties": {
        "id": "TN-04",
        "name": "Coimbatore",
        "state": "Tamil Nadu",
        "latitude": 11.0168,
        "longitude": 76.9558,
        "elevation": 411
      },
      "geometry": {
        "type": "Polygon",
        "coordinates": [
          [
            [
              77.24868,
              11.0168
            ],
            [
              77.17639,
              11.102
            ],
            [
              77.09414,
              11.1458
            ],
            [
              77.04533,
              11.21836
            ],
            [
              76.9558,
              11.30569
            ],
            [
              76.83446,
              11.28996
            ],
            [
              76.79612,
              11.1657
            ],
            [
              76.83432,
              11.06372
            ],
            [
              76.80864,
              11.0168
            ],
            [
              76.7101,
              10.9219
            ],
            [
              76.69972,
              10.778
            ],
            [
              76.82789,
              10.72885
            ],
            [
              76.9558,
              10.81163
            ],
            [
              77.01247,
              10.88922
            ],
            [
              77.08751,
              10.89399
            ],
            [
              77.20542,
              10.92038
            ],
            [
              77.24868,
              11.0168
            ]
          ]
        ]
      }
    },
    {
      "type": "Feature",
      "properties": {
        "id": "TN-05",
        "name": "Cuddalore",
        "state": "Tamil Nadu",
        "latitude": 11.748,
        "longitude": 79.7714,
        "elevation": 9
      },
      "geometry": {
        "type": "Polygon",
        "coordinates": [
          [
            [
              79.95117,
              11.748
            ],
            [
              79.88321,
              11.79108
            ],
            [
              79.905,
              11.87227
            ],
            [
              79.89257,
              12.02008
            ],
            [
              79.7714,
              12.08986
            ],
            [
              79.65976,
              11.99868
            ],
            [
              79.64419,
              11.86632
            ],
            [
              79.62988,
              11.80252
            ],
            [
              79.54795,
              11.748
            ],
            [
              79.50251,
              11.64441
            ],
            [
              79.57666,
              11.56687
            ],
            [
              79.68997,
              11.56516
            ],
            [
              79.7714,
              11.56049
            ],
            [
              79.87418,
              11.51722
            ],
            [
              80.00342,
              11.5322
            ],
            [
              80.03912,
              11.64486
            ],
            [
              79.95117,
              11.748
            ]
          ]
        ]
      }
    },
    {
      "type": "Feature",
      "properties": {
        "id": "TN-06",
        "name": "Dharmapuri",
        "state": "Tamil Nadu",
        "latitude": 12.1211,
        "longitude": 78.1582,
        "elevation": 468
      },
      "geometry": {
        "type": "Polygon",
        "coordinates": [
          [
            [
              78.39279,
              12.1211
            ],
            [
              78.4384,
              12.2289
            ],
            [
              78.37346,
              12.32104
            ],
            [
              78.24069,
              12.30606
            ],
            [
              78.1582,
              12.24552
            ],
            [
              78.0955,
              12.26169
            ],
            [
              77.95622,
              12.30871
            ],
            [
              77.81633,
              12.25263
            ],
            [
              77.83295,
              12.1211
            ],
            [
              77.97054,
              12.0489
            ],
            [
              78.06125,
              12.03105
            ],
            [
              78.08639,
              11.96008
            ],
            [
              78.1582,
              11.86111
            ],
            [
              78.27433,
              11.8607
            ],
            [
              78.33253,
              11.95918
            ],
            [
              78.34342,
              12.04984
            ],
            [
              78.39279,
              12.1211
            ]
          ]
        ]
      }
    },
    {
      "type": "Feature",
      "properties": {
        "id": "TN-07",
        "name": "Dindigul",
        "state": "Tamil Nadu",
        "latitude": 10.3673,
        "longitude": 77.9803,
        "elevation": 268
      },
      "geometry": {
        "type": "Polygon",
        "coordinates": [
          [
            [
              78.13055,
              10.3673
            ],
            [
              78.09278,
              10.41084
            ],
            [
              78.1316,
              10.50869
            ],
            [
              78.10291,
              10.64391
            ],
            [
              77.9803,
              10.67462
            ],
            [
              77.88508,
              10.58213
            ],
            [
              77.84737,
              10.49152
            ],
            [
              77.78248,
              10.44387
            ],
            [
              77.70459,
              10.3673
            ],
            [
              77.72455,
              10.2683
            ],
            [
              77.83379,
              10.23038
            ],
            [
              77.91902,
              10.22905
            ],
            [
              77.9803,
              10.16827
            ],
            [
              78.10291,
              10.09069
            ],
            [
              78.2339,
              10.13032
            ],
            [
              78.23268,
              10.26961
            ],
            [
              78.13055,
              10.3673
            ]
          ]
        ]
      }
    },
    {
      "type": "Feature",
      "properties": {
        "id": "TN-08",
        "name": "Erode",
        "state": "Tamil Nadu",
        "latitude": 11.341,
        "longitude": 77.7172,
        "elevation": 183
      },
      "geometry": {
        "type": "Polygon",
        "coordinates": [
          [
            [
              77.88921,
              11.341
            ],
            [
              77.913,
              11.41654
            ],
            [
              77.9126,
              11.52301
            ],
            [
              77.82149,
              11.57553
            ],
            [
              77.7172,
              11.53443
            ],
            [
              77.64888,
              11.49462
            ],
            [
              77.54594,
              11.50052
            ],
            [
              77.40928,
              11.4598
            ],
            [
              77.38035,
              11.341
            ],
            [
              77.50304,
              11.25837
            ],
            [
              77.6276,
              11.25754
            ],
            [
              77.66434,
              11.22213
            ],
            [
              77.7172,
              11.10401
            ],
            [
              77.85064,
              11.04092
            ],
            [
              77.9475,
              11.12648
            ],
            [
              77.92692,
              11.26008
            ],
            [
              77.88921,
              11.341
            ]
          ]
        ]
      }
    },
    {
      "type": "Feature",
      "properties": {
        "id": "TN-09",
        "name": "Kallakurichi",
        "state": "Tamil Nadu",
        "latitude": 11.7383,
        "longitude": 78.9639,
        "elevation": 115
      },
      "geometry": {
        "type": "Polygon",
        "coordinates": [
          [
            [
              79.2925,
              11.7383
            ],
            [
              79.30458,
              11.86956
            ],
            [
              79.16279,
              11.9233
            ],
            [
              79.02636,
              11.87855
            ],
            [
              78.9639,
              11.86819
            ],
            [
              78.87917,
              11.92857
            ],
            [
              78.75006,
              11.9372
            ],
            [
              78.69265,
              11.84281
            ],
            [
              78.73738,
              11.7383
            ],
            [
              78.77703,
              11.6663
            ],
            [
              78.78293,
              11.56997
            ],
            [
              78.84516,
              11.47166
            ],
            [
              78.9639,
              11.48013
            ],
            [
              79.03274,
              11.58371
            ],
            [
              79.05774,
              11.65102
            ],
            [
              79.15352,
              11.66525
            ],
            [
              79.2925,
              11.7383
            ]
          ]
        ]
      }
    },
    {
      "type": "Feature",
      "properties": {
        "id": "TN-10",
        "name": "Kanchipuram",
        "state": "Tamil Nadu",
        "latitude": 12.8342,
        "longitude": 79.7036,
        "elevation": 83
      },
      "geometry": {
        "type": "Polygon",
        "coordinates": [
          [
            [
              79.88122,
              12.8342
            ],
            [
              79.9084,
              12.91278
            ],
            [
              79.90266,
              13.01858
            ],
            [
              79.80649,
              13.06428
            ],
            [
              79.7036,
              13.01977
            ],
            [
              79.6361,
              12.98515
            ],
            [
              79.52828,
              12.99659
            ],
            [
              79.38852,
              12.95509
            ],
            [
              79.36385,
              12.8342
            ],
            [
              79.49127,
              12.75273
            ],
            [
              79.61477,
              12.75192
            ],
            [
              79.64949,
              12.7132
            ],
            [
              79.7036,
              12.59459
            ],
            [
              79.83697,
              12.53597
            ],
            [
              79.93081,
              12.62374
            ],
            [
              79.91157,
              12.75441
            ],
            [
              79.88122,
              12.8342
            ]
          ]
        ]
      }
    },
    {
      "type": "Feature",
      "properties": {
        "id": "TN-11",
        "name": "Kanyakumari",
        "state": "Tamil Nadu",
        "latitude": 8.0883,
        "longitude": 77.5385,
        "elevation": 10
      },
      "geometry": {
        "type": "Polygon",
        "coordinates": [
          [
            [
              77.79254,
              8.0883
            ],
            [
              77.71137,
              8.15565
            ],
            [
              77.66657,
              8.20875
            ],
            [
              77.63954,
              8.31772
            ],
            [
              77.5385,
              8.41265
            ],
            [
              77.41631,
              8.36576
            ],
            [
              77.39624,
              8.2221
            ],
            [
              77.43156,
              8.12996
            ],
            [
              77.38139,
              8.0883
            ],
            [
              77.28102,
              7.98799
            ],
            [
              77.29233,
              7.85677
            ],
            [
              77.42359,
              7.82738
            ],
            [
              77.5385,
              7.89495
            ],
            [
              77.60603,
              7.93497
            ],
            [
              77.70193,
              7.93458
            ],
            [
              77.79859,
              7.98697
            ],
            [
              77.79254,
              8.0883
            ]
          ]
        ]
      }
    },
    {
      "type": "Feature",
      "properties": {
        "id": "TN-12",
        "name": "Karur",
        "state": "Tamil Nadu",
        "latitude": 10.9601,
        "longitude": 78.0766,
        "elevation": 122
      },
      "geometry": {
        "type": "Polygon",
        "coordinates": [
          [
            [
              78.4112,
              10.9601
            ],
            [
              78.37706,
              11.07617
            ],
            [
              78.24393,
              11.11616
            ],
            [
              78.14642,
              11.11731
            ],
            [
              78.0766,
              11.16324
            ],
            [
              77.97013,
              11.19984
            ],
            [
              77.88468,
              11.1391
            ],
            [
              77.89038,
              11.03204
            ],
            [
              77.90994,
              10.9601
            ],
            [
              77.86354,
              10.87779
            ],
            [
              77.84171,
              10.74103
            ],
            [
              77.9426,
              10.65837
            ],
            [
              78.0766,
              10.72635
            ],
            [
              78.1285,
              10.84323
            ],
            [
              78.16814,
              10.87473
            ],
            [
              78.29418,
              10.87604
            ],
            [
              78.4112,
              10.9601
            ]
          ]
        ]
      }
    },
    {
      "type": "Feature",
      "properties": {
        "id": "TN-13",
        "name": "Krishnagiri",
        "state": "Tamil Nadu",
        "latitude": 12.5186,
        "longitude": 78.2137,
        "elevation": 631
      },
      "geometry": {
        "type": "Polygon",
        "coordinates": [
          [
            [
              78.4668,
              12.5186
            ],
            [
              78.38404,
              12.58404
            ],
            [
              78.34295,
              12.63847
            ],
            [
              78.31755,
              12.75111
            ],
            [
              78.2137,
              12.84608
            ],
            [
              78.08989,
              12.79582
            ],
            [
              78.07105,
              12.6509
            ],
            [
              78.10559,
              12.56013
            ],
            [
              78.05209,
              12.5186
            ],
            [
              77.95129,
              12.4178
            ],
            [
              77.96583,
              12.28872
            ],
            [
              78.09885,
              12.26146
            ],
            [
              78.2137,
              12.32629
            ],
            [
              78.28382,
              12.3616
            ],
            [
              78.38348,
              12.36114
            ],
            [
              78.47857,
              12.41685
            ],
            [
              78.4668,
              12.5186
            ]
          ]
        ]
      }
    },
    {
      "type": "Feature",
      "properties": {
        "id": "TN-14",
        "name": "Madurai",
        "state": "Tamil Nadu",
        "latitude": 9.9252,
        "longitude": 78.1198,
        "elevation": 136
      },
      "geometry": {
        "type": "Polygon",
        "coordinates": [
          [
            [
              78.27199,
              9.9252
            ],
            [
              78.27438,
              9.98512
            ],
            [
              78.29841,
              10.09234
            ],
            [
              78.23339,
              10.18181
            ],
            [
              78.1198,
              10.16437
            ],
            [
              78.04321,
              10.09822
            ],
            [
              77.96602,
              10.0691
            ],
            [
              77.84991,
              10.02981
            ],
            [
              77.79807,
              9.9252
            ],
            [
              77.88939,
              9.83589
            ],
            [
              78.01665,
              9.82867
            ],
            [
              78.06888,
              9.81016
            ],
            [
              78.1198,
              9.70346
            ],
            [
              78.2536,
              9.62293
            ],
            [
              78.36766,
              9.69326
            ],
            [
              78.34565,
              9.83766
            ],
            [
              78.27199,
              9.9252
            ]
          ]
        ]
      }
    },
    {
      "type": "Feature",
      "properties": {
        "id": "TN-15",
        "name": "Mayiladuthurai",
        "state": "Tamil Nadu",
        "latitude": 11.1075,
        "longitude": 79.6524,
        "elevation": 19
      },
      "geometry": {
        "type": "Polygon",
        "coordinates": [
          [
            [
              79.99,
              11.1075
            ],
            [
              79.98055,
              11.23421
            ],
            [
              79.83687,
              11.27947
            ],
            [
              79.71637,
              11.25147
            ],
            [
              79.6524,
              11.268
            ],
            [
              79.55717,
              11.32182
            ],
            [
              79.44695,
              11.29902
            ],
            [
              79.42166,
              11.1966
            ],
            [
              79.45801,
              11.1075
            ],
            [
              79.45496,
              11.03126
            ],
            [
              79.44323,
              10.91251
            ],
            [
              79.52406,
              10.81866
            ],
            [
              79.6524,
              10.85953
            ],
            [
              79.71074,
              10.97621
            ],
            [
              79.73933,
              11.02646
            ],
            [
              79.85369,
              11.02978
            ],
            [
              79.99,
              11.1075
            ]
          ]
        ]
      }
    },
    {
      "type": "Feature",
      "properties": {
        "id": "TN-16",
        "name": "Nagapattinam",
        "state": "Tamil Nadu",
        "latitude": 10.7672,
        "longitude": 79.8449,
        "elevation": 9
      },
      "geometry": {
        "type": "Polygon",
        "coordinates": [
          [
            [
              80.10937,
              10.7672
            ],
            [
              80.15378,
              10.88661
            ],
            [
              80.06069,
              10.96859
            ],
            [
              79.91839,
              10.93278
            ],
            [
              79.8449,
              10.87673
            ],
            [
              79.77989,
              10.91368
            ],
            [
              79.6348,
              10.96328
            ],
            [
              79.50959,
              10.89682
            ],
            [
              79.54157,
              10.7672
            ],
            [
              79.66443,
              10.69743
            ],
            [
              79.73181,
              10.66166
            ],
            [
              79.76076,
              10.57762
            ],
            [
              79.8449,
              10.50224
            ],
            [
              79.94804,
              10.53482
            ],
            [
              79.99116,
              10.6307
            ],
            [
              80.02433,
              10.69784
            ],
            [
              80.10937,
              10.7672
            ]
          ]
        ]
      }
    },
    {
      "type": "Feature",
      "properties": {
        "id": "TN-17",
        "name": "Namakkal",
        "state": "Tamil Nadu",
        "latitude": 11.2189,
        "longitude": 78.1674,
        "elevation": 218
      },
      "geometry": {
        "type": "Polygon",
        "coordinates": [
          [
            [
              78.33587,
              11.2189
            ],
            [
              78.2755,
              11.26063
            ],
            [
              78.30506,
              11.34717
            ],
            [
              78.28992,
              11.49454
            ],
            [
              78.1674,
              11.55418
            ],
            [
              78.0602,
              11.46006
            ],
            [
              78.04003,
              11.33759
            ],
            [
              78.01154,
              11.27906
            ],
            [
              77.92871,
              11.2189
            ],
            [
              77.90113,
              11.11612
            ],
            [
              77.98674,
              11.05055
            ],
            [
              78.09258,
              11.05058
            ],
            [
              78.1674,
              11.02919
            ],
            [
              78.27654,
              10.97336
            ],
            [
              78.40799,
              10.99471
            ],
            [
              78.43178,
              11.11685
            ],
            [
              78.33587,
              11.2189
            ]
          ]
        ]
      }
    },
    {
      "type": "Feature",
      "properties": {
        "id": "TN-18",
        "name": "Nilgiris",
        "state": "Tamil Nadu",
        "latitude": 11.4102,
        "longitude": 76.695,
        "elevation": 2240
      },
      "geometry": {
        "type": "Polygon",
        "coordinates": [
          [
            [
              77.01796,
              11.4102
            ],
            [
              76.96551,
              11.51454
            ],
            [
              76.84926,
              11.55385
            ],
            [
              76.77213,
              11.58361
            ],
            [
              76.695,
              11.65016
            ],
            [
              76.58071,
              11.66714
            ],
            [
              76.51581,
              11.57707
            ],
            [
              76.54029,
              11.46988
            ],
            [
              76.54228,
              11.4102
            ],
            [
              76.46775,
              11.32254
            ],
            [
              76.4457,
              11.17805
            ],
            [
              76.56059,
              11.10801
            ],
            [
              76.695,
              11.18872
            ],
            [
              76.74619,
              11.29511
            ],
            [
              76.79899,
              11.31336
            ],
            [
              76.92683,
              11.32078
            ],
            [
              77.01796,
              11.4102
            ]
          ]
        ]
      }
    },
    {
      "type": "Feature",
      "properties": {
        "id": "TN-19",
        "name": "Perambalur",
        "state": "Tamil Nadu",
        "latitude": 11.2342,
        "longitude": 78.882,
        "elevation": 143
      },
      "geometry": {
        "type": "Polygon",
        "coordinates": [
          [
            [
              79.13775,
              11.2342
            ],
            [
              79.18324,
              11.35047
            ],
            [
              79.09816,
              11.43562
            ],
            [
              78.958,
              11.40516
            ],
            [
              78.882,
              11.34692
            ],
            [
              78.81799,
              11.37819
            ],
            [
              78.67388,
              11.42812
            ],
            [
              78.54341,
              11.36488
            ],
            [
              78.57133,
              11.2342
            ],
            [
              78.69983,
              11.16389
            ],
            [
              78.77442,
              11.13395
            ],
            [
              78.80166,
              11.05347
            ],
            [
              78.882,
              10.97031
            ],
            [
              78.98918,
              10.99308
            ],
            [
              79.03646,
              11.09028
            ],
            [
              79.0627,
              11.16446
            ],
            [
              79.13775,
              11.2342
            ]
          ]
        ]
      }
    },
    {
      "type": "Feature",
      "properties": {
        "id": "TN-20",
        "name": "Pudukkottai",
        "state": "Tamil Nadu",
        "latitude": 10.3797,
        "longitude": 78.8208,
        "elevation": 100
      },
      "geometry": {
        "type": "Polygon",
        "coordinates": [
          [
            [
              79.15805,
              10.3797
            ],
            [
              79.14515,
              10.50524
            ],
            [
              79.00249,
              10.54948
            ],
            [
              78.8852,
              10.52498
            ],
            [
              78.8208,
              10.54575
            ],
            [
              78.72415,
              10.59773
            ],
            [
              78.61747,
              10.5697
            ],
            [
              78.59694,
              10.46635
            ],
            [
              78.63129,
              10.3797
            ],
            [
              78.62182,
              10.30268
            ],
            [
              78.60807,
              10.18092
            ],
            [
              78.69162,
              10.08826
            ],
            [
              78.8208,
              10.13358
            ],
            [
              78.87776,
              10.2512
            ],
            [
              78.90742,
              10.29876
            ],
            [
              79.02376,
              10.30114
            ],
            [
              79.15805,
              10.3797
            ]
          ]
        ]
      }
    },
    {
      "type": "Feature",
      "properties": {
        "id": "TN-21",
        "name": "Ramanathapuram",
        "state": "Tamil Nadu",
        "latitude": 9.3639,
        "longitude": 78.8395,
        "elevation": 10
      },
      "geometry": {
        "type": "Polygon",
        "coordinates": [
          [
            [
              79.09172,
              9.3639
            ],
            [
              79.13708,
              9.47944
            ],
            [
              79.05433,
              9.56527
            ],
            [
              78.91559,
              9.53609
            ],
            [
              78.8395,
              9.47746
            ],
            [
              78.77607,
              9.50743
            ],
            [
              78.63317,
              9.55731
            ],
            [
              78.50245,
              9.49476
            ],
            [
              78.52925,
              9.3639
            ],
            [
              78.65804,
              9.29345
            ],
            [
              78.73372,
              9.26475
            ],
            [
              78.76048,
              9.18509
            ],
            [
              78.8395,
              9.10029
            ],
            [
              78.94688,
              9.1209
            ],
            [
              78.99481,
              9.21832
            ],
            [
              79.0194,
              9.29405
            ],
            [
              79.09172,
              9.3639
            ]
          ]
        ]
      }
    },
    {
      "type": "Feature",
      "properties": {
        "id": "TN-22",
        "name": "Ranipet",
        "state": "Tamil Nadu",
        "latitude": 12.9272,
        "longitude": 79.333,
        "elevation": 160
      },
      "geometry": {
        "type": "Polygon",
        "coordinates": [
          [
            [
              79.48152,
              12.9272
            ],
            [
              79.46913,
              12.97941
            ],
            [
              79.50303,
              13.08463
            ],
            [
              79.45234,
              13.19397
            ],
            [
              79.333,
              13.19365
            ],
            [
              79.24908,
              13.1148
            ],
            [
              79.18674,
              13.06263
            ],
            [
              79.08649,
              13.02174
            ],
            [
              79.02219,
              12.9272
            ],
            [
              79.08991,
              12.83397
            ],
            [
              79.21507,
              12.818
            ],
            [
              79.27954,
              12.8077
            ],
            [
              79.333,
              12.71455
            ],
            [
              79.46579,
              12.63037
            ],
            [
              79.58945,
              12.68975
            ],
            [
              79.57172,
              12.83564
            ],
            [
              79.48152,
              12.9272
            ]
          ]
        ]
      }
    },
    {
      "type": "Feature",
      "properties": {
        "id": "TN-23",
        "name": "Salem",
        "state": "Tamil Nadu",
        "latitude": 11.6643,
        "longitude": 78.146,
        "elevation": 278
      },
      "geometry": {
        "type": "Polygon",
        "coordinates": [
          [
            [
              78.29865,
              11.6643
            ],
            [
              78.25712,
              11.70712
            ],
            [
              78.29565,
              11.80353
            ],
            [
              78.26939,
              11.94146
            ],
            [
              78.146,
              11.97666
            ],
            [
              78.04857,
              11.88315
            ],
            [
              78.01377,
              11.78732
            ],
            [
              77.95398,
              11.7383
            ],
            [
              77.87442,
              11.6643
            ],
            [
              77.88731,
              11.56461
            ],
            [
              77.99402,
              11.5229
            ],
            [
              78.08276,
              11.52226
            ],
            [
              78.146,
              11.46695
            ],
            [
              78.26738,
              11.39166
            ],
            [
              78.3995,
              11.42845
            ],
            [
              78.40149,
              11.56584
            ],
            [
              78.29865,
              11.6643
            ]
          ]
        ]
      }
    },
    {
      "type": "Feature",
      "properties": {
        "id": "TN-24",
        "name": "Sivaganga",
        "state": "Tamil Nadu",
        "latitude": 9.8433,
        "longitude": 78.4809,
        "elevation": 102
      },
      "geometry": {
        "type": "Polygon",
        "coordinates": [
          [
            [
              78.76711,
              9.8433
            ],
            [
              78.80605,
              9.96936
            ],
            [
              78.69402,
              10.04279
            ],
            [
              78.54888,
              9.99692
            ],
            [
              78.4809,
              9.94973
            ],
            [
              78.41203,
              9.99893
            ],
            [
              78.26718,
              10.04335
            ],
            [
              78.15853,
              9.96829
            ],
            [
              78.19877,
              9.8433
            ],
            [
              78.3027,
              9.77421
            ],
            [
              78.35097,
              9.72168
            ],
            [
              78.38651,
              9.63001
            ],
            [
              78.4809,
              9.57731
            ],
            [
              78.57329,
              9.63452
            ],
            [
              78.60735,
              9.72494
            ],
            [
              78.65921,
              9.77417
            ],
            [
              78.76711,
              9.8433
            ]
          ]
        ]
      }
    },
    {
      "type": "Feature",
      "properties": {
        "id": "TN-25",
        "name": "Tenkasi",
        "state": "Tamil Nadu",
        "latitude": 8.9594,
        "longitude": 77.3161,
        "elevation": 143
      },
      "geometry": {
        "type": "Polygon",
        "coordinates": [
          [
            [
              77.59836,
              8.9594
            ],
            [
              77.63824,
              9.08462
            ],
            [
              77.52916,
              9.15934
            ],
            [
              77.38461,
              9.11461
            ],
            [
              77.3161,
              9.06581
            ],
            [
              77.24811,
              9.11342
            ],
            [
              77.10339,
              9.15901
            ],
            [
              76.99234,
              9.08525
            ],
            [
              77.03145,
              8.9594
            ],
            [
              77.13827,
              8.89028
            ],
            [
              77.18926,
              8.84038
            ],
            [
              77.22353,
              8.74969
            ],
            [
              77.3161,
              8.6934
            ],
            [
              77.40984,
              8.74704
            ],
            [
              77.44497,
              8.83846
            ],
            [
              77.49386,
              8.8903
            ],
            [
              77.59836,
              8.9594
            ]
          ]
        ]
      }
    },
    {
      "type": "Feature",
      "properties": {
        "id": "TN-26",
        "name": "Thanjavur",
        "state": "Tamil Nadu",
        "latitude": 10.787,
        "longitude": 79.1378,
        "elevation": 59
      },
      "geometry": {
        "type": "Polygon",
        "coordinates": [
          [
            [
              79.47469,
              10.787
            ],
            [
              79.46702,
              10.91426
            ],
            [
              79.32326,
              10.96007
            ],
            [
              79.20144,
              10.93037
            ],
            [
              79.1378,
              10.94474
            ],
            [
              79.04352,
              10.99941
            ],
            [
              78.93178,
              10.97926
            ],
            [
              78.90407,
              10.87735
            ],
            [
              78.9413,
              10.787
            ],
            [
              78.94158,
              10.71115
            ],
            [
              78.93098,
              10.594
            ],
            [
              79.01022,
              10.49957
            ],
            [
              79.1378,
              10.53811
            ],
            [
              79.19675,
              10.6542
            ],
            [
              79.22479,
              10.70582
            ],
            [
              79.3378,
              10.70969
            ],
            [
              79.47469,
              10.787
            ]
          ]
        ]
      }
    },
    {
      "type": "Feature",
      "properties": {
        "id": "TN-27",
        "name": "Theni",
        "state": "Tamil Nadu",
        "latitude": 10.0104,
        "longitude": 77.4768,
        "elevation": 293
      },
      "geometry": {
        "type": "Polygon",
        "coordinates": [
          [
            [
              77.79158,
              10.0104
            ],
            [
              77.81553,
              10.14166
            ],
            [
              77.68183,
              10.20222
            ],
            [
              77.53983,
              10.15275
            ],
            [
              77.4768,
              10.12671
            ],
            [
              77.39894,
              10.18626
            ],
            [
              77.26181,
              10.21153
            ],
            [
              77.1843,
              10.12375
            ],
            [
              77.22999,
              10.0104
            ],
            [
              77.29566,
              9.9402
            ],
            [
              77.31602,
              9.85998
            ],
            [
              77.36683,
              9.76202
            ],
            [
              77.4768,
              9.7477
            ],
            [
              77.55355,
              9.83706
            ],
            [
              77.57957,
              9.91426
            ],
            [
              77.65977,
              9.9395
            ],
            [
              77.79158,
              10.0104
            ]
          ]
        ]
      }
    },
    {
      "type": "Feature",
      "properties": {
        "id": "TN-28",
        "name": "Thoothukudi",
        "state": "Tamil Nadu",
        "latitude": 8.7642,
        "longitude": 78.1348,
        "elevation": 4
      },
      "geometry": {
        "type": "Polygon",
        "coordinates": [
          [
            [
              78.47004,
              8.7642
            ],
            [
              78.44609,
              8.88526
            ],
            [
              78.30802,
              8.92684
            ],
            [
              78.20129,
              8.91492
            ],
            [
              78.1348,
              8.94909
            ],
            [
              78.03347,
              8.99388
            ],
            [
              77.9382,
              8.94879
            ],
            [
              77.93206,
              8.84305
            ],
            [
              77.95915,
              8.7642
            ],
            [
              77.92988,
              8.68451
            ],
            [
              77.91104,
              8.55411
            ],
            [
              78.00331,
              8.46615
            ],
            [
              78.1348,
              8.52436
            ],
            [
              78.18827,
              8.64299
            ],
            [
              78.22234,
              8.68201
            ],
            [
              78.34401,
              8.68284
            ],
            [
              78.47004,
              8.7642
            ]
          ]
        ]
      }
    },
    {
      "type": "Feature",
      "properties": {
        "id": "TN-29",
        "name": "Tiruchirappalli",
        "state": "Tamil Nadu",
        "latitude": 10.7905,
        "longitude": 78.7047,
        "elevation": 88
      },
      "geometry": {
        "type": "Polygon",
        "coordinates": [
          [
            [
              78.89402,
              10.7905
            ],
            [
              78.82122,
              10.83554
            ],
            [
              78.83513,
              10.91222
            ],
            [
              78.82363,
              11.05844
            ],
            [
              78.7047,
              11.13539
            ],
            [
              78.59037,
              11.04807
            ],
            [
              78.57735,
              10.90934
            ],
            [
              78.57384,
              10.84108
            ],
            [
              78.49431,
              10.7905
            ],
            [
              78.43586,
              10.68658
            ],
            [
              78.49994,
              10.59942
            ],
            [
              78.61808,
              10.59535
            ],
            [
              78.7047,
              10.604
            ],
            [
              78.80162,
              10.57214
            ],
            [
              78.92745,
              10.58263
            ],
            [
              78.97297,
              10.6868
            ],
            [
              78.89402,
              10.7905
            ]
          ]
        ]
      }
    },
    {
      "type": "Feature",
      "properties": {
        "id": "TN-30",
        "name": "Tirunelveli",
        "state": "Tamil Nadu",
        "latitude": 8.7139,
        "longitude": 77.7567,
        "elevation": 47
      },
      "geometry": {
        "type": "Polygon",
        "coordinates": [
          [
            [
              77.92642,
              8.7139
            ],
            [
              77.94933,
              8.78883
            ],
            [
              77.94999,
              8.89541
            ],
            [
              77.86055,
              8.94932
            ],
            [
              77.7567,
              8.90896
            ],
            [
              77.68868,
              8.8681
            ],
            [
              77.58744,
              8.87284
            ],
            [
              77.45241,
              8.83225
            ],
            [
              77.42283,
              8.7139
            ],
            [
              77.54365,
              8.63103
            ],
            [
              77.66752,
              8.63015
            ],
            [
              77.70443,
              8.59541
            ],
            [
              77.7567,
              8.47745
            ],
            [
              77.88921,
              8.4135
            ],
            [
              77.98599,
              8.49859
            ],
            [
              77.96533,
              8.63275
            ],
            [
              77.92642,
              8.7139
            ]
          ]
        ]
      }
    },
    {
      "type": "Feature",
      "properties": {
        "id": "TN-31",
        "name": "Tirupathur",
        "state": "Tamil Nadu",
        "latitude": 12.4958,
        "longitude": 78.5678,
        "elevation": 389
      },
      "geometry": {
        "type": "Polygon",
        "coordinates": [
          [
            [
              78.72323,
              12.4958
            ],
            [
              78.67766,
              12.53801
            ],
            [
              78.71541,
              12.6327
            ],
            [
              78.69173,
              12.77329
            ],
            [
              78.5678,
              12.81341
            ],
            [
              78.46808,
              12.71908
            ],
            [
              78.43644,
              12.61764
            ],
            [
              78.38249,
              12.56699
            ],
            [
              78.30146,
              12.4958
            ],
            [
              78.30643,
              12.39539
            ],
            [
              78.40987,
              12.34932
            ],
            [
              78.50236,
              12.34926
            ],
            [
              78.5678,
              12.3002
            ],
            [
              78.68747,
              12.22785
            ],
            [
              78.8204,
              12.26151
            ],
            [
              78.82619,
              12.39653
            ],
            [
              78.72323,
              12.4958
            ]
          ]
        ]
      }
    },
    {
      "type": "Feature",
      "properties": {
        "id": "TN-32",
        "name": "Tiruppur",
        "state": "Tamil Nadu",
        "latitude": 11.1085,
        "longitude": 77.3411,
        "elevation": 295
      },
      "geometry": {
        "type": "Polygon",
        "coordinates": [
          [
            [
              77.59304,
              11.1085
            ],
            [
              77.51072,
              11.174
            ],
            [
              77.46971,
              11.22839
            ],
            [
              77.44437,
              11.34091
            ],
            [
              77.3411,
              11.43589
            ],
            [
              77.21792,
              11.38573
            ],
            [
              77.19913,
              11.24084
            ],
            [
              77.23354,
              11.15003
            ],
            [
              77.18039,
              11.1085
            ],
            [
              77.08008,
              11.00771
            ],
            [
              77.09444,
              10.87856
            ],
            [
              77.22679,
              10.85124
            ],
            [
              77.3411,
              10.91616
            ],
            [
              77.41081,
              10.95161
            ],
            [
              77.50989,
              10.95116
            ],
            [
              77.60458,
              11.00676
            ],
            [
              77.59304,
              11.1085
            ]
          ]
        ]
      }
    },
    {
      "type": "Feature",
      "properties": {
        "id": "TN-33",
        "name": "Tiruvallur",
        "state": "Tamil Nadu",
        "latitude": 13.1432,
        "longitude": 79.9079,
        "elevation": 40
      },
      "geometry": {
        "type": "Polygon",
        "coordinates": [
          [
            [
              80.24513,
              13.1432
            ],
            [
              80.24561,
              13.27261
            ],
            [
              80.1004,
              13.32128
            ],
            [
              79.97115,
              13.28446
            ],
            [
              79.9079,
              13.28875
            ],
            [
              79.8168,
              13.34667
            ],
            [
              79.69671,
              13.33857
            ],
            [
              79.657,
              13.23935
            ],
            [
              79.69828,
              13.1432
            ],
            [
              79.7144,
              13.06905
            ],
            [
              79.70964,
              12.95979
            ],
            [
              79.78253,
              12.8632
            ],
            [
              79.9079,
              12.89025
            ],
            [
              79.97088,
              13.00253
            ],
            [
              79.99723,
              13.06056
            ],
            [
              80.10483,
              13.06774
            ],
            [
              80.24513,
              13.1432
            ]
          ]
        ]
      }
    },
    {
      "type": "Feature",
      "properties": {
        "id": "TN-34",
        "name": "Tiruvannamalai",
        "state": "Tamil Nadu",
        "latitude": 12.2253,
        "longitude": 79.0747,
        "elevation": 171
      },
      "geometry": {
        "type": "Polygon",
        "coordinates": [
          [
            [
              79.40686,
              12.2253
            ],
            [
              79.4147,
              12.35606
            ],
            [
              79.27126,
              12.4078
            ],
            [
              79.1373,
              12.36562
            ],
            [
              79.0747,
              12.36067
            ],
            [
              78.98763,
              12.42048
            ],
            [
              78.86172,
              12.42304
            ],
            [
              78.81097,
              12.32673
            ],
            [
              78.85467,
              12.2253
            ],
            [
              78.88555,
              12.15256
            ],
            [
              78.88722,
              12.05123
            ],
            [
              78.95337,
              11.95335
            ],
            [
              79.0747,
              11.96896
            ],
            [
              79.14121,
              12.07622
            ],
            [
              79.16647,
              12.1401
            ],
            [
              79.26687,
              12.1514
            ],
            [
              79.40686,
              12.2253
            ]
          ]
        ]
      }
    },
    {
      "type": "Feature",
      "properties": {
        "id": "TN-35",
        "name": "Tiruvarur",
        "state": "Tamil Nadu",
        "latitude": 10.7725,
        "longitude": 79.6365,
        "elevation": 10
      },
      "geometry": {
        "type": "Polygon",
        "coordinates": [
          [
            [
              79.78617,
              10.7725
            ],
            [
              79.7822,
              10.82882
            ],
            [
              79.81104,
              10.93539
            ],
            [
              79.75253,
              11.03394
            ],
            [
              79.6365,
              11.02384
            ],
            [
              79.55695,
              10.95173
            ],
            [
              79.48644,
              10.91254
            ],
            [
              79.37709,
              10.87278
            ],
            [
              79.31966,
              10.7725
            ],
            [
              79.40092,
              10.68143
            ],
            [
              79.52752,
              10.67079
            ],
            [
              79.58485,
              10.65613
            ],
            [
              79.6365,
              10.55481
            ],
            [
              79.76987,
              10.472
            ],
            [
              79.88817,
              10.53763
            ],
            [
              79.86758,
              10.68317
            ],
            [
              79.78617,
              10.7725
            ]
          ]
        ]
      }
    },
    {
      "type": "Feature",
      "properties": {
        "id": "TN-36",
        "name": "Vellore",
        "state": "Tamil Nadu",
        "latitude": 12.9165,
        "longitude": 79.1325,
        "elevation": 216
      },
      "geometry": {
        "type": "Polygon",
        "coordinates": [
          [
            [
              79.47136,
              12.9165
            ],
            [
              79.44231,
              13.03533
            ],
            [
              79.30481,
              13.07606
            ],
            [
              79.20121,
              13.07009
            ],
            [
              79.1325,
              13.10984
            ],
            [
              79.02761,
              13.15098
            ],
            [
              78.93591,
              13.09854
            ],
            [
              78.93546,
              12.99208
            ],
            [
              78.95942,
              12.9165
            ],
            [
              78.92157,
              12.8356
            ],
            [
              78.90088,
              12.70203
            ],
            [
              78.99827,
              12.61644
            ],
            [
              79.1325,
              12.67948
            ],
            [
              79.18568,
              12.79761
            ],
            [
              79.22262,
              12.83306
            ],
            [
              79.3479,
              12.83389
            ],
            [
              79.47136,
              12.9165
            ]
          ]
        ]
      }
    },
    {
      "type": "Feature",
      "properties": {
        "id": "TN-37",
        "name": "Viluppuram",
        "state": "Tamil Nadu",
        "latitude": 11.9401,
        "longitude": 79.4861,
        "elevation": 46
      },
      "geometry": {
        "type": "Polygon",
        "coordinates": [
          [
            [
              79.82343,
              11.9401
            ],
            [
              79.8193,
              12.06838
            ],
            [
              79.67468,
              12.11538
            ],
            [
              79.54952,
              12.08242
            ],
            [
              79.4861,
              12.0924
            ],
            [
              79.39317,
              12.14863
            ],
            [
              79.27772,
              12.13378
            ],
            [
              79.24485,
              12.03298
            ],
            [
              79.28396,
              11.9401
            ],
            [
              79.29107,
              11.86501
            ],
            [
              79.28286,
              11.7512
            ],
            [
              79.35937,
              11.65574
            ],
            [
              79.4861,
              11.6894
            ],
            [
              79.54674,
              11.80403
            ],
            [
              79.57395,
              11.85845
            ],
            [
              79.68477,
              11.86361
            ],
            [
              79.82343,
              11.9401
            ]
          ]
        ]
      }
    },
    {
      "type": "Feature",
      "properties": {
        "id": "TN-38",
        "name": "Virudhunagar",
        "state": "Tamil Nadu",
        "latitude": 9.5872,
        "longitude": 77.9514,
        "elevation": 101
      },
      "geometry": {
        "type": "Polygon",
        "coordinates": [
          [
            [
              78.27284,
              9.5872
            ],
            [
              78.29043,
              9.71875
            ],
            [
              78.15236,
              9.77545
            ],
            [
              78.01364,
              9.72796
            ],
            [
              77.9514,
              9.71032
            ],
            [
              77.8702,
              9.77082
            ],
            [
              77.73772,
              9.78736
            ],
            [
              77.67144,
              9.69583
            ],
            [
              77.71681,
              9.5872
            ],
            [
              77.76819,
              9.51611
            ],
            [
              77.7803,
              9.42693
            ],
            [
              77.83699,
              9.32846
            ],
            [
              77.9514,
              9.32677
            ],
            [
              78.02336,
              9.42447
            ],
            [
              78.04836,
              9.49637
            ],
            [
              78.13695,
              9.51521
            ],
            [
              78.27284,
              9.5872
            ]
          ]
        ]
      }
    },
    {
      "type": "Feature",
      "properties": {
        "id": "KL-01",
        "name": "Alappuzha",
        "state": "Kerala",
        "latitude": 9.4981,
        "longitude": 76.3388,
        "elevation": 1
      },
      "geometry": {
        "type": "Polygon",
        "coordinates": [
          [
            [
              76.66476,
              9.4981
            ],
            [
              76.67707,
              9.62938
            ],
            [
              76.53643,
              9.68328
            ],
            [
              76.4008,
              9.63835
            ],
            [
              76.3388,
              9.62759
            ],
            [
              76.25485,
              9.68801
            ],
            [
              76.12644,
              9.69708
            ],
            [
              76.06894,
              9.60283
            ],
            [
              76.11341,
              9.4981
            ],
            [
              76.15343,
              9.42616
            ],
            [
              76.15961,
              9.33021
            ],
            [
              76.22111,
              9.23187
            ],
            [
              76.3388,
              9.2398
            ],
            [
              76.40733,
              9.34309
            ],
            [
              76.43214,
              9.41064
            ],
            [
              76.52688,
              9.42511
            ],
            [
              76.66476,
              9.4981
            ]
          ]
        ]
      }
    },
    {
      "type": "Feature",
      "properties": {
        "id": "KL-02",
        "name": "Ernakulam",
        "state": "Kerala",
        "latitude": 9.9816,
        "longitude": 76.2999,
        "elevation": 4
      },
      "geometry": {
        "type": "Polygon",
        "coordinates": [
          [
            [
              76.45237,
              9.9816
            ],
            [
              76.45519,
              10.04178
            ],
            [
              76.47886,
              10.14904
            ],
            [
              76.41334,
              10.23785
            ],
            [
              76.2999,
              10.21989
            ],
            [
              76.22349,
              10.15419
            ],
            [
              76.14579,
              10.12579
            ],
            [
              76.02918,
              10.08652
            ],
            [
              75.97774,
              9.9816
            ],
            [
              76.06978,
              9.89242
            ],
            [
              76.1971,
              9.88542
            ],
            [
              76.249,
              9.86662
            ],
            [
              76.2999,
              9.75956
            ],
            [
              76.43376,
              9.67924
            ],
            [
              76.54754,
              9.7499
            ],
            [
              76.52546,
              9.89419
            ],
            [
              76.45237,
              9.9816
            ]
          ]
        ]
      }
    },
    {
      "type": "Feature",
      "properties": {
        "id": "KL-03",
        "name": "Idukki",
        "state": "Kerala",
        "latitude": 9.85,
        "longitude": 76.94,
        "elevation": 1200
      },
      "geometry": {
        "type": "Polygon",
        "coordinates": [
          [
            [
              77.08686,
              9.85
            ],
            [
              77.05964,
              9.89638
            ],
            [
              77.09798,
              9.99787
            ],
            [
              77.06115,
              10.12376
            ],
            [
              76.94,
              10.14149
            ],
            [
              76.85002,
              10.05332
            ],
            [
              76.80293,
              9.97829
            ],
            [
              76.72321,
              9.93405
            ],
            [
              76.65031,
              9.85
            ],
            [
              76.69037,
              9.75322
            ],
            [
              76.80686,
              9.72538
            ],
            [
              76.88299,
              9.72117
            ],
            [
              76.94,
              9.6457
            ],
            [
              77.06683,
              9.5634
            ],
            [
              77.19505,
              9.61127
            ],
            [
              77.18579,
              9.75471
            ],
            [
              77.08686,
              9.85
            ]
          ]
        ]
      }
    },
    {
      "type": "Feature",
      "properties": {
        "id": "KL-04",
        "name": "Kannur",
        "state": "Kerala",
        "latitude": 11.8745,
        "longitude": 75.3704,
        "elevation": 14
      },
      "geometry": {
        "type": "Polygon",
        "coordinates": [
          [
            [
              75.54632,
              11.8745
            ],
            [
              75.48072,
              11.91698
            ],
            [
              75.50542,
              12.00002
            ],
            [
              75.49225,
              12.14799
            ],
            [
              75.3704,
              12.21447
            ],
            [
              75.2601,
              12.12207
            ],
            [
              75.24313,
              11.99282
            ],
            [
              75.22409,
              11.93084
            ],
            [
              75.14157,
              11.8745
            ],
            [
              75.10197,
              11.77113
            ],
            [
              75.18018,
              11.69766
            ],
            [
              75.29117,
              11.69668
            ],
            [
              75.3704,
              11.68636
            ],
            [
              75.47549,
              11.63863
            ],
            [
              75.60578,
              11.65567
            ],
            [
              75.63741,
              11.77168
            ],
            [
              75.54632,
              11.8745
            ]
          ]
        ]
      }
    },
    {
      "type": "Feature",
      "properties": {
        "id": "KL-05",
        "name": "Kasaragod",
        "state": "Kerala",
        "latitude": 12.5102,
        "longitude": 74.9852,
        "elevation": 19
      },
      "geometry": {
        "type": "Polygon",
        "coordinates": [
          [
            [
              75.32254,
              12.5102
            ],
            [
              75.32056,
              12.63903
            ],
            [
              75.17561,
              12.6868
            ],
            [
              75.04852,
              12.65198
            ],
            [
              74.9852,
              12.6593
            ],
            [
              74.89312,
              12.71636
            ],
            [
              74.77549,
              12.70469
            ],
            [
              74.73945,
              12.60461
            ],
            [
              74.77961,
              12.5102
            ],
            [
              74.79091,
              12.43556
            ],
            [
              74.78426,
              12.32384
            ],
            [
              74.85909,
              12.22782
            ],
            [
              74.9852,
              12.25843
            ],
            [
              75.04691,
              12.37203
            ],
            [
              75.07368,
              12.42814
            ],
            [
              75.18304,
              12.4342
            ],
            [
              75.32254,
              12.5102
            ]
          ]
        ]
      }
    },
    {
      "type": "Feature",
      "properties": {
        "id": "KL-06",
        "name": "Kollam",
        "state": "Kerala",
        "latitude": 8.8932,
        "longitude": 76.6141,
        "elevation": 3
      },
      "geometry": {
        "type": "Polygon",
        "coordinates": [
          [
            [
              76.79945,
              8.8932
            ],
            [
              76.83206,
              8.97794
            ],
            [
              76.81521,
              9.08196
            ],
            [
              76.71159,
              9.11411
            ],
            [
              76.6141,
              9.06369
            ],
            [
              76.54947,
              9.03964
            ],
            [
              76.43504,
              9.06126
            ],
            [
              76.29371,
              9.01776
            ],
            [
              76.27816,
              8.8932
            ],
            [
              76.41033,
              8.81398
            ],
            [
              76.52777,
              8.81218
            ],
            [
              76.55828,
              8.76671
            ],
            [
              76.6141,
              8.64856
            ],
            [
              76.74353,
              8.59991
            ],
            [
              76.82896,
              8.69154
            ],
            [
              76.81382,
              8.81555
            ],
            [
              76.79945,
              8.8932
            ]
          ]
        ]
      }
    },
    {
      "type": "Feature",
      "properties": {
        "id": "KL-07",
        "name": "Kottayam",
        "state": "Kerala",
        "latitude": 9.5916,
        "longitude": 76.5222,
        "elevation": 12
      },
      "geometry": {
        "type": "Polygon",
        "coordinates": [
          [
            [
              76.7366,
              9.5916
            ],
            [
              76.77919,
              9.69131
            ],
            [
              76.73253,
              9.78862
            ],
            [
              76.6097,
              9.78948
            ],
            [
              76.5222,
              9.73018
            ],
            [
              76.46006,
              9.73212
            ],
            [
              76.32889,
              9.77268
            ],
            [
              76.18615,
              9.72199
            ],
            [
              76.19156,
              9.5916
            ],
            [
              76.33046,
              9.5172
            ],
            [
              76.43227,
              9.50736
            ],
            [
              76.45755,
              9.44539
            ],
            [
              76.5222,
              9.33633
            ],
            [
              76.64367,
              9.31689
            ],
            [
              76.71134,
              9.41443
            ],
            [
              76.71082,
              9.51842
            ],
            [
              76.7366,
              9.5916
            ]
          ]
        ]
      }
    },
    {
      "type": "Feature",
      "properties": {
        "id": "KL-08",
        "name": "Kozhikode",
        "state": "Kerala",
        "latitude": 11.2588,
        "longitude": 75.7804,
        "elevation": 1
      },
      "geometry": {
        "type": "Polygon",
        "coordinates": [
          [
            [
              76.08294,
              11.2588
            ],
            [
              76.01521,
              11.34942
            ],
            [
              75.92268,
              11.39136
            ],
            [
              75.86639,
              11.45222
            ],
            [
              75.7804,
              11.53499
            ],
            [
              75.66046,
              11.52859
            ],
            [
              75.61534,
              11.41259
            ],
            [
              75.65142,
              11.30858
            ],
            [
              75.63344,
              11.2588
            ],
            [
              75.53941,
              11.16579
            ],
            [
              75.52449,
              11.02036
            ],
            [
              75.64991,
              10.96527
            ],
            [
              75.7804,
              11.0494
            ],
            [
              75.83484,
              11.13634
            ],
            [
              75.90352,
              11.14409
            ],
            [
              76.02558,
              11.16418
            ],
            [
              76.08294,
              11.2588
            ]
          ]
        ]
      }
    },
    {
      "type": "Feature",
      "properties": {
        "id": "KL-09",
        "name": "Malappuram",
        "state": "Kerala",
        "latitude": 11.0732,
        "longitude": 76.074,
        "elevation": 40
      },
      "geometry": {
        "type": "Polygon",
        "coordinates": [
          [
            [
              76.26316,
              11.0732
            ],
            [
              76.29723,
              11.15941
            ],
            [
              76.2775,
              11.26292
            ],
            [
              76.17116,
              11.2919
            ],
            [
              76.074,
              11.24026
            ],
            [
              76.00934,
              11.21874
            ],
            [
              75.89231,
              11.24259
            ],
            [
              75.74948,
              11.19852
            ],
            [
              75.73592,
              11.0732
            ],
            [
              75.87018,
              10.99449
            ],
            [
              75.98718,
              10.99225
            ],
            [
              76.01712,
              10.94518
            ],
            [
              76.074,
              10.82742
            ],
            [
              76.20368,
              10.78132
            ],
            [
              76.28793,
              10.87375
            ],
            [
              76.27381,
              10.99604
            ],
            [
              76.26316,
              11.0732
            ]
          ]
        ]
      }
    },
    {
      "type": "Feature",
      "properties": {
        "id": "KL-10",
        "name": "Palakkad",
        "state": "Kerala",
        "latitude": 10.7867,
        "longitude": 76.6548,
        "elevation": 84
      },
      "geometry": {
        "type": "Polygon",
        "coordinates": [
          [
            [
              76.9919,
              10.7867
            ],
            [
              76.96676,
              10.90729
            ],
            [
              76.82835,
              10.94866
            ],
            [
              76.72197,
              10.93803
            ],
            [
              76.6548,
              10.97344
            ],
            [
              76.55238,
              11.01745
            ],
            [
              76.45759,
              10.97073
            ],
            [
              76.4527,
              10.86482
            ],
            [
              76.47921,
              10.7867
            ],
            [
              76.44795,
              10.70674
            ],
            [
              76.42861,
              10.57562
            ],
            [
              76.52229,
              10.48816
            ],
            [
              76.6548,
              10.54748
            ],
            [
              76.70835,
              10.66605
            ],
            [
              76.74313,
              10.70427
            ],
            [
              76.86599,
              10.70506
            ],
            [
              76.9919,
              10.7867
            ]
          ]
        ]
      }
    },
    {
      "type": "Feature",
      "properties": {
        "id": "KL-11",
        "name": "Pathanamthitta",
        "state": "Kerala",
        "latitude": 9.2648,
        "longitude": 76.787,
        "elevation": 19
      },
      "geometry": {
        "type": "Polygon",
        "coordinates": [
          [
            [
              77.07916,
              9.2648
            ],
            [
              77.11562,
              9.39243
            ],
            [
              76.99858,
              9.46318
            ],
            [
              76.85353,
              9.4154
            ],
            [
              76.787,
              9.37182
            ],
            [
              76.71668,
              9.42398
            ],
            [
              76.57288,
              9.46556
            ],
            [
              76.4702,
              9.38784
            ],
            [
              76.51221,
              9.2648
            ],
            [
              76.60906,
              9.19569
            ],
            [
              76.6514,
              9.13766
            ],
            [
              76.68953,
              9.04416
            ],
            [
              76.787,
              8.99901
            ],
            [
              76.87598,
              9.06338
            ],
            [
              76.90777,
              9.15157
            ],
            [
              76.96541,
              9.19551
            ],
            [
              77.07916,
              9.2648
            ]
          ]
        ]
      }
    },
    {
      "type": "Feature",
      "properties": {
        "id": "KL-12",
        "name": "Thiruvananthapuram",
        "state": "Kerala",
        "latitude": 8.5241,
        "longitude": 76.9366,
        "elevation": 10
      },
      "geometry": {
        "type": "Polygon",
        "coordinates": [
          [
            [
              77.1539,
              8.5241
            ],
            [
              77.07334,
              8.57731
            ],
            [
              77.06263,
              8.6425
            ],
            [
              77.04812,
              8.77704
            ],
            [
              76.9366,
              8.86714
            ],
            [
              76.81717,
              8.79499
            ],
            [
              76.80526,
              8.64749
            ],
            [
              76.82453,
              8.56771
            ],
            [
              76.75557,
              8.5241
            ],
            [
              76.67103,
              8.42075
            ],
            [
              76.70946,
              8.3107
            ],
            [
              76.83656,
              8.2972
            ],
            [
              76.9366,
              8.33698
            ],
            [
              77.01891,
              8.33742
            ],
            [
              77.13278,
              8.33978
            ],
            [
              77.20315,
              8.42037
            ],
            [
              77.1539,
              8.5241
            ]
          ]
        ]
      }
    },
    {
      "type": "Feature",
      "properties": {
        "id": "KL-13",
        "name": "Thrissur",
        "state": "Kerala",
        "latitude": 10.5276,
        "longitude": 76.2144,
        "elevation": 3
      },
      "geometry": {
        "type": "Polygon",
        "coordinates": [
          [
            [
              76.48836,
              10.5276
            ],
            [
              76.40993,
              10.60325
            ],
            [
              76.34692,
              10.65138
            ],
            [
              76.31031,
              10.74387
            ],
            [
              76.2144,
              10.83675
            ],
            [
              76.09163,
              10.80443
            ],
            [
              76.06386,
              10.66821
            ],
            [
              76.10257,
              10.57087
            ],
            [
              76.06349,
              10.5276
            ],
            [
              75.96117,
              10.42963
            ],
            [
              75.96107,
              10.29099
            ],
            [
              76.09235,
              10.25238
            ],
            [
              76.2144,
              10.32918
            ],
            [
              76.2763,
              10.38802
            ],
            [
              76.3627,
              10.38909
            ],
            [
              76.47094,
              10.42835
            ],
            [
              76.48836,
              10.5276
            ]
          ]
        ]
      }
    },
    {
      "type": "Feature",
      "properties": {
        "id": "KL-14",
        "name": "Wayanad",
        "state": "Kerala",
        "latitude": 11.6854,
        "longitude": 76.132,
        "elevation": 750
      },
      "geometry": {
        "type": "Polygon",
        "coordinates": [
          [
            [
              76.28991,
              11.6854
            ],
            [
              76.2997,
              11.75002
            ],
            [
              76.31705,
              11.85756
            ],
            [
              76.24337,
              11.93553
            ],
            [
              76.132,
              11.90972
            ],
            [
              76.05807,
              11.85144
            ],
            [
              75.97207,
              11.83418
            ],
            [
              75.84762,
              11.79499
            ],
            [
              75.80256,
              11.6854
            ],
            [
              75.90583,
              11.59824
            ],
            [
              76.03399,
              11.59422
            ],
            [
              76.08091,
              11.57065
            ],
            [
              76.132,
              11.45871
            ],
            [
              76.26695,
              11.38231
            ],
            [
              76.37642,
              11.45801
            ],
            [
              76.35356,
              11.60002
            ],
            [
              76.28991,
              11.6854
            ]
          ]
        ]
      }
    },
    {
      "type": "Feature",
      "properties": {
        "id": "KA-01",
        "name": "Bagalkote",
        "state": "Karnataka",
        "latitude": 16.1691,
        "longitude": 75.6615,
        "elevation": 533
      },
      "geometry": {
        "type": "Polygon",
        "coordinates": [
          [
            [
              75.81279,
              16.1691
            ],
            [
              75.80291,
              16.22254
            ],
            [
              75.83592,
              16.32825
            ],
            [
              75.78189,
              16.4343
            ],
            [
              75.6615,
              16.43085
            ],
            [
              75.57755,
              16.35402
            ],
            [
              75.51153,
              16.30594
            ],
            [
              75.40651,
              16.26547
            ],
            [
              75.34323,
              16.1691
            ],
            [
              75.41659,
              16.07654
            ],
            [
              75.54452,
              16.06236
            ],
            [
              75.60778,
              16.05076
            ],
            [
              75.6615,
              15.95488
            ],
            [
              75.79685,
              15.87095
            ],
            [
              75.92101,
              15.93232
            ],
            [
              75.90192,
              16.07824
            ],
            [
              75.81279,
              16.1691
            ]
          ]
        ]
      }
    },
    {
      "type": "Feature",
      "properties": {
        "id": "KA-02",
        "name": "Ballari",
        "state": "Karnataka",
        "latitude": 15.1394,
        "longitude": 76.9214,
        "elevation": 495
      },
      "geometry": {
        "type": "Polygon",
        "coordinates": [
          [
            [
              77.25882,
              15.1394
            ],
            [
              77.21816,
              15.25212
            ],
            [
              77.08733,
              15.29156
            ],
            [
              76.99445,
              15.30112
            ],
            [
              76.9214,
              15.35376
            ],
            [
              76.81055,
              15.38481
            ],
            [
              76.73011,
              15.31482
            ],
            [
              76.74245,
              15.20737
            ],
            [
              76.75718,
              15.1394
            ],
            [
              76.70044,
              15.05547
            ],
            [
              76.67741,
              14.91565
            ],
            [
              76.78462,
              14.83657
            ],
            [
              76.9214,
              14.90939
            ],
            [
              76.97351,
              15.02403
            ],
            [
              77.01756,
              15.05122
            ],
            [
              77.14702,
              15.0537
            ],
            [
              77.25882,
              15.1394
            ]
          ]
        ]
      }
    },
    {
      "type": "Feature",
      "properties": {
        "id": "KA-03",
        "name": "Belagavi",
        "state": "Karnataka",
        "latitude": 15.8497,
        "longitude": 74.4977,
        "elevation": 762
      },
      "geometry": {
        "type": "Polygon",
        "coordinates": [
          [
            [
              74.66268,
              15.8497
            ],
            [
              74.67767,
              15.91783
            ],
            [
              74.6898,
              16.02526
            ],
            [
              74.60884,
              16.0949
            ],
            [
              74.4977,
              16.06363
            ],
            [
              74.42448,
              16.01124
            ],
            [
              74.33104,
              16.00201
            ],
            [
              74.19956,
              15.96256
            ],
            [
              74.15899,
              15.8497
            ],
            [
              74.27147,
              15.76406
            ],
            [
              74.40134,
              15.76164
            ],
            [
              74.44539,
              15.73428
            ],
            [
              74.4977,
              15.61954
            ],
            [
              74.63494,
              15.5469
            ],
            [
              74.74235,
              15.62612
            ],
            [
              74.71926,
              15.76583
            ],
            [
              74.66268,
              15.8497
            ]
          ]
        ]
      }
    },
    {
      "type": "Feature",
      "properties": {
        "id": "KA-04",
        "name": "Bengaluru Rural",
        "state": "Karnataka",
        "latitude": 13.2295,
        "longitude": 77.567,
        "elevation": 900
      },
      "geometry": {
        "type": "Polygon",
        "coordinates": [
          [
            [
              77.71575,
              13.2295
            ],
            [
              77.70357,
              13.28181
            ],
            [
              77.7374,
              13.38708
            ],
            [
              77.68643,
              13.49614
            ],
            [
              77.567,
              13.49554
            ],
            [
              77.48308,
              13.41686
            ],
            [
              77.42043,
              13.36505
            ],
            [
              77.31977,
              13.3242
            ],
            [
              77.25556,
              13.2295
            ],
            [
              77.32376,
              13.13633
            ],
            [
              77.44916,
              13.12052
            ],
            [
              77.51353,
              13.11011
            ],
            [
              77.567,
              13.01671
            ],
            [
              77.70001,
              12.93254
            ],
            [
              77.82371,
              12.9921
            ],
            [
              77.80586,
              13.138
            ],
            [
              77.71575,
              13.2295
            ]
          ]
        ]
      }
    },
    {
      "type": "Feature",
      "properties": {
        "id": "KA-05",
        "name": "Bengaluru Urban",
        "state": "Karnataka",
        "latitude": 12.9716,
        "longitude": 77.5946,
        "elevation": 920
      },
      "geometry": {
        "type": "Polygon",
        "coordinates": [
          [
            [
              77.74564,
              12.9716
            ],
            [
              77.70903,
              13.01548
            ],
            [
              77.74831,
              13.1139
            ],
            [
              77.71823,
              13.24791
            ],
            [
              77.5946,
              13.27676
            ],
            [
              77.49922,
              13.18477
            ],
            [
              77.45985,
              13.09635
            ],
            [
              77.39212,
              13.04924
            ],
            [
              77.31411,
              12.9716
            ],
            [
              77.33722,
              12.8729
            ],
            [
              77.44868,
              12.83651
            ],
            [
              77.53341,
              12.83485
            ],
            [
              77.5946,
              12.77185
            ],
            [
              77.71907,
              12.69341
            ],
            [
              77.85101,
              12.73423
            ],
            [
              77.8485,
              12.87424
            ],
            [
              77.74564,
              12.9716
            ]
          ]
        ]
      }
    },
    {
      "type": "Feature",
      "properties": {
        "id": "KA-06",
        "name": "Bidar",
        "state": "Karnataka",
        "latitude": 17.9104,
        "longitude": 77.5199,
        "elevation": 615
      },
      "geometry": {
        "type": "Polygon",
        "coordinates": [
          [
            [
              77.70426,
              17.9104
            ],
            [
              77.63469,
              17.95338
            ],
            [
              77.65756,
              18.03484
            ],
            [
              77.64467,
              18.1827
            ],
            [
              77.5199,
              18.252
            ],
            [
              77.40524,
              18.16063
            ],
            [
              77.38902,
              18.02871
            ],
            [
              77.37359,
              17.96518
            ],
            [
              77.2892,
              17.9104
            ],
            [
              77.24331,
              17.80684
            ],
            [
              77.32022,
              17.7299
            ],
            [
              77.43646,
              17.7283
            ],
            [
              77.5199,
              17.7228
            ],
            [
              77.62599,
              17.67887
            ],
            [
              77.75913,
              17.69415
            ],
            [
              77.79524,
              17.8073
            ],
            [
              77.70426,
              17.9104
            ]
          ]
        ]
      }
    },
    {
      "type": "Feature",
      "properties": {
        "id": "KA-07",
        "name": "Chamarajanagar",
        "state": "Karnataka",
        "latitude": 11.9261,
        "longitude": 76.9437,
        "elevation": 662
      },
      "geometry": {
        "type": "Polygon",
        "coordinates": [
          [
            [
              77.15665,
              11.9261
            ],
            [
              77.19885,
              12.02433
            ],
            [
              77.15496,
              12.12246
            ],
            [
              77.03292,
              12.1263
            ],
            [
              76.9437,
              12.06751
            ],
            [
              76.88097,
              12.06687
            ],
            [
              76.75021,
              12.10595
            ],
            [
              76.60601,
              12.05611
            ],
            [
              76.6094,
              11.9261
            ],
            [
              76.74934,
              11.85127
            ],
            [
              76.85385,
              11.84259
            ],
            [
              76.8796,
              11.78225
            ],
            [
              76.9437,
              11.67177
            ],
            [
              77.06713,
              11.64913
            ],
            [
              77.13712,
              11.74631
            ],
            [
              77.1348,
              11.85253
            ],
            [
              77.15665,
              11.9261
            ]
          ]
        ]
      }
    },
    {
      "type": "Feature",
      "properties": {
        "id": "KA-08",
        "name": "Chikkaballapura",
        "state": "Karnataka",
        "latitude": 13.4325,
        "longitude": 77.7275,
        "elevation": 915
      },
      "geometry": {
        "type": "Polygon",
        "coordinates": [
          [
            [
              78.05357,
              13.4325
            ],
            [
              78.00134,
              13.53731
            ],
            [
              77.88344,
              13.57659
            ],
            [
              77.80494,
              13.60524
            ],
            [
              77.7275,
              13.6711
            ],
            [
              77.61257,
              13.68888
            ],
            [
              77.54641,
              13.59983
            ],
            [
              77.5705,
              13.49259
            ],
            [
              77.57321,
              13.4325
            ],
            [
              77.49899,
              13.34504
            ],
            [
              77.47665,
              13.20071
            ],
            [
              77.59197,
              13.13017
            ],
            [
              77.7275,
              13.21057
            ],
            [
              77.77905,
              13.3175
            ],
            [
              77.83172,
              13.3362
            ],
            [
              77.96063,
              13.34327
            ],
            [
              78.05357,
              13.4325
            ]
          ]
        ]
      }
    },
    {
      "type": "Feature",
      "properties": {
        "id": "KA-09",
        "name": "Chikkamagaluru",
        "state": "Karnataka",
        "latitude": 13.3161,
        "longitude": 75.772,
        "elevation": 1090
      },
      "geometry": {
        "type": "Polygon",
        "coordinates": [
          [
            [
              76.10988,
              13.3161
            ],
            [
              76.07622,
              13.43259
            ],
            [
              75.94137,
              13.47267
            ],
            [
              75.84219,
              13.47276
            ],
            [
              75.772,
              13.51779
            ],
            [
              75.66492,
              13.55508
            ],
            [
              75.57788,
              13.49556
            ],
            [
              75.58274,
              13.38857
            ],
            [
              75.60313,
              13.3161
            ],
            [
              75.55759,
              13.234
            ],
            [
              75.53573,
              13.09768
            ],
            [
              75.6369,
              13.01457
            ],
            [
              75.772,
              13.08186
            ],
            [
              75.82448,
              13.19897
            ],
            [
              75.86401,
              13.23104
            ],
            [
              75.99096,
              13.23226
            ],
            [
              76.10988,
              13.3161
            ]
          ]
        ]
      }
    },
    {
      "type": "Feature",
      "properties": {
        "id": "KA-10",
        "name": "Chitradurga",
        "state": "Karnataka",
        "latitude": 14.2251,
        "longitude": 76.398,
        "elevation": 732
      },
      "geometry": {
        "type": "Polygon",
        "coordinates": [
          [
            [
              76.56143,
              14.2251
            ],
            [
              76.57599,
              14.29299
            ],
            [
              76.58841,
              14.40044
            ],
            [
              76.50844,
              14.47063
            ],
            [
              76.398,
              14.4397
            ],
            [
              76.32521,
              14.38692
            ],
            [
              76.23286,
              14.37718
            ],
            [
              76.10267,
              14.33775
            ],
            [
              76.06205,
              14.2251
            ],
            [
              76.17323,
              14.13936
            ],
            [
              76.30217,
              14.13685
            ],
            [
              76.34611,
              14.10975
            ],
            [
              76.398,
              13.99517
            ],
            [
              76.53422,
              13.92226
            ],
            [
              76.64108,
              14.00126
            ],
            [
              76.61813,
              14.14113
            ],
            [
              76.56143,
              14.2251
            ]
          ]
        ]
      }
    },
    {
      "type": "Feature",
      "properties": {
        "id": "KA-11",
        "name": "Dakshina Kannada",
        "state": "Karnataka",
        "latitude": 12.8703,
        "longitude": 74.8806,
        "elevation": 22
      },
      "geometry": {
        "type": "Polygon",
        "coordinates": [
          [
            [
              75.02981,
              12.8703
            ],
            [
              75.02072,
              12.92405
            ],
            [
              75.0529,
              13.02987
            ],
            [
              74.99903,
              13.13509
            ],
            [
              74.8806,
              13.13089
            ],
            [
              74.79819,
              13.05457
            ],
            [
              74.73247,
              13.00749
            ],
            [
              74.62823,
              12.96711
            ],
            [
              74.56637,
              12.8703
            ],
            [
              74.63975,
              12.7779
            ],
            [
              74.76598,
              12.76415
            ],
            [
              74.82779,
              12.75221
            ],
            [
              74.8806,
              12.6557
            ],
            [
              75.01408,
              12.57185
            ],
            [
              75.13607,
              12.6337
            ],
            [
              75.11701,
              12.77961
            ],
            [
              75.02981,
              12.8703
            ]
          ]
        ]
      }
    },
    {
      "type": "Feature",
      "properties": {
        "id": "KA-12",
        "name": "Davanagere",
        "state": "Karnataka",
        "latitude": 14.4644,
        "longitude": 75.9218,
        "elevation": 602
      },
      "geometry": {
        "type": "Polygon",
        "coordinates": [
          [
            [
              76.15199,
              14.4644
            ],
            [
              76.19736,
              14.5694
            ],
            [
              76.13821,
              14.66347
            ],
            [
              76.00712,
              14.65388
            ],
            [
              75.9218,
              14.59344
            ],
            [
              75.85864,
              14.60467
            ],
            [
              75.72026,
              14.64979
            ],
            [
              75.57717,
              14.59571
            ],
            [
              75.59007,
              14.4644
            ],
            [
              75.73042,
              14.39148
            ],
            [
              75.82651,
              14.37674
            ],
            [
              75.85177,
              14.30889
            ],
            [
              75.9218,
              14.20595
            ],
            [
              76.04146,
              14.19865
            ],
            [
              76.10376,
              14.29701
            ],
            [
              76.11045,
              14.39252
            ],
            [
              76.15199,
              14.4644
            ]
          ]
        ]
      }
    },
    {
      "type": "Feature",
      "properties": {
        "id": "KA-13",
        "name": "Dharwad",
        "state": "Karnataka",
        "latitude": 15.4589,
        "longitude": 75.0078,
        "elevation": 750
      },
      "geometry": {
        "type": "Polygon",
        "coordinates": [
          [
            [
              75.33443,
              15.4589
            ],
            [
              75.27925,
              15.56185
            ],
            [
              75.1633,
              15.60128
            ],
            [
              75.08714,
              15.63429
            ],
            [
              75.0078,
              15.70282
            ],
            [
              74.89084,
              15.71745
            ],
            [
              74.82706,
              15.62439
            ],
            [
              74.8536,
              15.51738
            ],
            [
              74.85354,
              15.4589
            ],
            [
              74.77515,
              15.37066
            ],
            [
              74.75314,
              15.22573
            ],
            [
              74.87132,
              15.1572
            ],
            [
              75.0078,
              15.23874
            ],
            [
              75.06002,
              15.34346
            ],
            [
              75.11533,
              15.36044
            ],
            [
              75.24509,
              15.3689
            ],
            [
              75.33443,
              15.4589
            ]
          ]
        ]
      }
    },
    {
      "type": "Feature",
      "properties": {
        "id": "KA-14",
        "name": "Gadag",
        "state": "Karnataka",
        "latitude": 15.4167,
        "longitude": 75.6333,
        "elevation": 655
      },
      "geometry": {
        "type": "Polygon",
        "coordinates": [
          [
            [
              75.79439,
              15.4167
            ],
            [
              75.74319,
              15.45838
            ],
            [
              75.7796,
              15.55069
            ],
            [
              75.7588,
              15.69418
            ],
            [
              75.6333,
              15.74066
            ],
            [
              75.5297,
              15.64575
            ],
            [
              75.50169,
              15.53723
            ],
            [
              75.45516,
              15.48428
            ],
            [
              75.37186,
              15.4167
            ],
            [
              75.36632,
              15.31542
            ],
            [
              75.46594,
              15.26342
            ],
            [
              75.56414,
              15.2638
            ],
            [
              75.6333,
              15.22322
            ],
            [
              75.75151,
              15.15533
            ],
            [
              75.88632,
              15.18498
            ],
            [
              75.89758,
              15.31645
            ],
            [
              75.79439,
              15.4167
            ]
          ]
        ]
      }
    },
    {
      "type": "Feature",
      "properties": {
        "id": "KA-15",
        "name": "Hassan",
        "state": "Karnataka",
        "latitude": 13.0033,
        "longitude": 76.1004,
        "elevation": 957
      },
      "geometry": {
        "type": "Polygon",
        "coordinates": [
          [
            [
              76.26182,
              13.0033
            ],
            [
              76.275,
              13.07024
            ],
            [
              76.28885,
              13.17774
            ],
            [
              76.21087,
              13.25017
            ],
            [
              76.1004,
              13.22068
            ],
            [
              76.02746,
              13.1663
            ],
            [
              75.93713,
              13.15443
            ],
            [
              75.80883,
              13.11509
            ],
            [
              75.76701,
              13.0033
            ],
            [
              75.87573,
              12.91716
            ],
            [
              76.00421,
              12.91426
            ],
            [
              76.04889,
              12.88818
            ],
            [
              76.1004,
              12.77429
            ],
            [
              76.23598,
              12.70033
            ],
            [
              76.34337,
              12.7784
            ],
            [
              76.32045,
              12.91893
            ],
            [
              76.26182,
              13.0033
            ]
          ]
        ]
      }
    },
    {
      "type": "Feature",
      "properties": {
        "id": "KA-16",
        "name": "Haveri",
        "state": "Karnataka",
        "latitude": 14.7954,
        "longitude": 75.3991,
        "elevation": 572
      },
      "geometry": {
        "type": "Polygon",
        "coordinates": [
          [
            [
              75.69709,
              14.7954
            ],
            [
              75.62399,
              14.88096
            ],
            [
              75.53978,
              14.92462
            ],
            [
              75.48975,
              14.99642
            ],
            [
              75.3991,
              15.08348
            ],
            [
              75.276,
              15.06837
            ],
            [
              75.23665,
              14.94461
            ],
            [
              75.27533,
              14.84249
            ],
            [
              75.24976,
              14.7954
            ],
            [
              75.14997,
              14.70062
            ],
            [
              75.1391,
              14.55659
            ],
            [
              75.26906,
              14.50705
            ],
            [
              75.3991,
              14.58996
            ],
            [
              75.45647,
              14.66819
            ],
            [
              75.53221,
              14.67313
            ],
            [
              75.65223,
              14.6991
            ],
            [
              75.69709,
              14.7954
            ]
          ]
        ]
      }
    },
    {
      "type": "Feature",
      "properties": {
        "id": "KA-17",
        "name": "Kalaburagi",
        "state": "Karnataka",
        "latitude": 17.3297,
        "longitude": 76.8343,
        "elevation": 454
      },
      "geometry": {
        "type": "Polygon",
        "coordinates": [
          [
            [
              77.17992,
              17.3297
            ],
            [
              77.14899,
              17.44791
            ],
            [
              77.00935,
              17.48845
            ],
            [
              76.90482,
              17.48409
            ],
            [
              76.8343,
              17.52528
            ],
            [
              76.72664,
              17.56541
            ],
            [
              76.63433,
              17.51105
            ],
            [
              76.63536,
              17.40443
            ],
            [
              76.65885,
              17.3297
            ],
            [
              76.61807,
              17.24848
            ],
            [
              76.5966,
              17.11413
            ],
            [
              76.69705,
              17.0292
            ],
            [
              76.8343,
              17.09343
            ],
            [
              76.88836,
              17.21133
            ],
            [
              76.92675,
              17.24586
            ],
            [
              77.05511,
              17.24676
            ],
            [
              77.17992,
              17.3297
            ]
          ]
        ]
      }
    },
    {
      "type": "Feature",
      "properties": {
        "id": "KA-18",
        "name": "Kodagu",
        "state": "Karnataka",
        "latitude": 12.3375,
        "longitude": 75.8069,
        "elevation": 1150
      },
      "geometry": {
        "type": "Polygon",
        "coordinates": [
          [
            [
              75.96177,
              12.3375
            ],
            [
              75.91696,
              12.37981
            ],
            [
              75.95488,
              12.47483
            ],
            [
              75.93073,
              12.61495
            ],
            [
              75.8069,
              12.65416
            ],
            [
              75.70761,
              12.55996
            ],
            [
              75.67539,
              12.45955
            ],
            [
              75.62034,
              12.40922
            ],
            [
              75.53957,
              12.3375
            ],
            [
              75.54603,
              12.23722
            ],
            [
              75.6501,
              12.19198
            ],
            [
              75.74188,
              12.19183
            ],
            [
              75.8069,
              12.14159
            ],
            [
              75.9269,
              12.06865
            ],
            [
              76.05969,
              12.10289
            ],
            [
              76.06474,
              12.23838
            ],
            [
              75.96177,
              12.3375
            ]
          ]
        ]
      }
    },
    {
      "type": "Feature",
      "properties": {
        "id": "KA-19",
        "name": "Kolar",
        "state": "Karnataka",
        "latitude": 13.1367,
        "longitude": 78.1291,
        "elevation": 822
      },
      "geometry": {
        "type": "Polygon",
        "coordinates": [
          [
            [
              78.46255,
              13.1367
            ],
            [
              78.47027,
              13.26744
            ],
            [
              78.32627,
              13.31911
            ],
            [
              78.19193,
              13.27703
            ],
            [
              78.1291,
              13.27228
            ],
            [
              78.04164,
              13.33205
            ],
            [
              77.9154,
              13.3344
            ],
            [
              77.86471,
              13.23802
            ],
            [
              77.90852,
              13.1367
            ],
            [
              77.9392,
              13.06393
            ],
            [
              77.94073,
              12.96243
            ],
            [
              78.00726,
              12.86457
            ],
            [
              78.1291,
              12.88043
            ],
            [
              78.19576,
              12.98781
            ],
            [
              78.22113,
              13.05156
            ],
            [
              78.32204,
              13.06276
            ],
            [
              78.46255,
              13.1367
            ]
          ]
        ]
      }
    },
    {
      "type": "Feature",
      "properties": {
        "id": "KA-20",
        "name": "Koppal",
        "state": "Karnataka",
        "latitude": 15.3467,
        "longitude": 76.1558,
        "elevation": 530
      },
      "geometry": {
        "type": "Polygon",
        "coordinates": [
          [
            [
              76.46517,
              15.3467
            ],
            [
              76.39724,
              15.43832
            ],
            [
              76.30127,
              15.47997
            ],
            [
              76.24258,
              15.53862
            ],
            [
              76.1558,
              15.62045
            ],
            [
              76.03414,
              15.61577
            ],
            [
              75.98692,
              15.50141
            ],
            [
              76.02306,
              15.39707
            ],
            [
              76.00624,
              15.3467
            ],
            [
              75.91167,
              15.25406
            ],
            [
              75.89574,
              15.10846
            ],
            [
              76.02268,
              15.05227
            ],
            [
              76.1558,
              15.13648
            ],
            [
              76.2108,
              15.22506
            ],
            [
              76.27945,
              15.23342
            ],
            [
              76.40424,
              15.25243
            ],
            [
              76.46517,
              15.3467
            ]
          ]
        ]
      }
    },
    {
      "type": "Feature",
      "properties": {
        "id": "KA-21",
        "name": "Mandya",
        "state": "Karnataka",
        "latitude": 12.5218,
        "longitude": 76.8951,
        "elevation": 678
      },
      "geometry": {
        "type": "Polygon",
        "coordinates": [
          [
            [
              77.17605,
              12.5218
            ],
            [
              77.09846,
              12.59992
            ],
            [
              77.02988,
              12.64679
            ],
            [
              76.98998,
              12.73423
            ],
            [
              76.8951,
              12.82598
            ],
            [
              76.77175,
              12.79797
            ],
            [
              76.74122,
              12.66451
            ],
            [
              76.78046,
              12.56584
            ],
            [
              76.74458,
              12.5218
            ],
            [
              76.64204,
              12.42459
            ],
            [
              76.63898,
              12.28427
            ],
            [
              76.77055,
              12.24293
            ],
            [
              76.8951,
              12.32173
            ],
            [
              76.95589,
              12.38569
            ],
            [
              77.03989,
              12.38752
            ],
            [
              77.15167,
              12.42324
            ],
            [
              77.17605,
              12.5218
            ]
          ]
        ]
      }
    },
    {
      "type": "Feature",
      "properties": {
        "id": "KA-22",
        "name": "Mysuru",
        "state": "Karnataka",
        "latitude": 12.2958,
        "longitude": 76.6394,
        "elevation": 763
      },
      "geometry": {
        "type": "Polygon",
        "coordinates": [
          [
            [
              76.96127,
              12.2958
            ],
            [
              76.90651,
              12.3985
            ],
            [
              76.79255,
              12.43795
            ],
            [
              76.71783,
              12.47155
            ],
            [
              76.6394,
              12.54043
            ],
            [
              76.5239,
              12.55463
            ],
            [
              76.46137,
              12.46105
            ],
            [
              76.48783,
              12.35407
            ],
            [
              76.4874,
              12.2958
            ],
            [
              76.40963,
              12.20746
            ],
            [
              76.38801,
              12.06245
            ],
            [
              76.50481,
              11.9942
            ],
            [
              76.6394,
              12.07588
            ],
            [
              76.69095,
              12.18029
            ],
            [
              76.7458,
              12.19704
            ],
            [
              76.87374,
              12.2057
            ],
            [
              76.96127,
              12.2958
            ]
          ]
        ]
      }
    },
    {
      "type": "Feature",
      "properties": {
        "id": "KA-23",
        "name": "Raichur",
        "state": "Karnataka",
        "latitude": 16.2076,
        "longitude": 77.3463,
        "elevation": 407
      },
      "geometry": {
        "type": "Polygon",
        "coordinates": [
          [
            [
              77.63571,
              16.2076
            ],
            [
              77.67702,
              16.33257
            ],
            [
              77.5656,
              16.40765
            ],
            [
              77.41698,
              16.36327
            ],
            [
              77.3463,
              16.31404
            ],
            [
              77.27656,
              16.36118
            ],
            [
              77.12764,
              16.40708
            ],
            [
              77.01263,
              16.33368
            ],
            [
              77.05256,
              16.2076
            ],
            [
              77.16334,
              16.13846
            ],
            [
              77.21662,
              16.0893
            ],
            [
              77.25154,
              15.9989
            ],
            [
              77.3463,
              15.94161
            ],
            [
              77.44318,
              15.99423
            ],
            [
              77.47968,
              16.08592
            ],
            [
              77.52915,
              16.13851
            ],
            [
              77.63571,
              16.2076
            ]
          ]
        ]
      }
    },
    {
      "type": "Feature",
      "properties": {
        "id": "KA-24",
        "name": "Ramanagara",
        "state": "Karnataka",
        "latitude": 12.715,
        "longitude": 77.281,
        "elevation": 747
      },
      "geometry": {
        "type": "Polygon",
        "coordinates": [
          [
            [
              77.59346,
              12.715
            ],
            [
              77.62148,
              12.8457
            ],
            [
              77.49023,
              12.90889
            ],
            [
              77.34535,
              12.85896
            ],
            [
              77.281,
              12.82777
            ],
            [
              77.20455,
              12.88603
            ],
            [
              77.06365,
              12.91642
            ],
            [
              76.97822,
              12.83122
            ],
            [
              77.02397,
              12.715
            ],
            [
              77.09929,
              12.64525
            ],
            [
              77.12558,
              12.57098
            ],
            [
              77.17317,
              12.47376
            ],
            [
              77.281,
              12.45112
            ],
            [
              77.36173,
              12.53439
            ],
            [
              77.3891,
              12.61482
            ],
            [
              77.4642,
              12.64468
            ],
            [
              77.59346,
              12.715
            ]
          ]
        ]
      }
    },
    {
      "type": "Feature",
      "properties": {
        "id": "KA-25",
        "name": "Shivamogga",
        "state": "Karnataka",
        "latitude": 13.9299,
        "longitude": 75.5681,
        "elevation": 584
      },
      "geometry": {
        "type": "Polygon",
        "coordinates": [
          [
            [
              75.72577,
              13.9299
            ],
            [
              75.73338,
              13.99302
            ],
            [
              75.75314,
              14.10052
            ],
            [
              75.6814,
              14.18211
            ],
            [
              75.5681,
              14.15883
            ],
            [
              75.49257,
              14.09804
            ],
            [
              75.4084,
              14.07715
            ],
            [
              75.28512,
              14.03798
            ],
            [
              75.23739,
              13.9299
            ],
            [
              75.33815,
              13.84207
            ],
            [
              75.46753,
              13.83717
            ],
            [
              75.51658,
              13.81521
            ],
            [
              75.5681,
              13.70474
            ],
            [
              75.70421,
              13.62691
            ],
            [
              75.81637,
              13.70098
            ],
            [
              75.7934,
              13.84385
            ],
            [
              75.72577,
              13.9299
            ]
          ]
        ]
      }
    },
    {
      "type": "Feature",
      "properties": {
        "id": "KA-26",
        "name": "Tumakuru",
        "state": "Karnataka",
        "latitude": 13.3379,
        "longitude": 77.1173,
        "elevation": 822
      },
      "geometry": {
        "type": "Polygon",
        "coordinates": [
          [
            [
              77.28897,
              13.3379
            ],
            [
              77.31166,
              13.41232
            ],
            [
              77.31321,
              13.51899
            ],
            [
              77.22312,
              13.57406
            ],
            [
              77.1173,
              13.53431
            ],
            [
              77.04798,
              13.49259
            ],
            [
              76.94589,
              13.49635
            ],
            [
              76.80917,
              13.45588
            ],
            [
              76.77837,
              13.3379
            ],
            [
              76.90035,
              13.25483
            ],
            [
              77.02643,
              13.2539
            ],
            [
              77.06434,
              13.21972
            ],
            [
              77.1173,
              13.1019
            ],
            [
              77.25203,
              13.03724
            ],
            [
              77.35094,
              13.12193
            ],
            [
              77.32975,
              13.25656
            ],
            [
              77.28897,
              13.3379
            ]
          ]
        ]
      }
    },
    {
      "type": "Feature",
      "properties": {
        "id": "KA-27",
        "name": "Udupi",
        "state": "Karnataka",
        "latitude": 13.3409,
        "longitude": 74.7421,
        "elevation": 27
      },
      "geometry": {
        "type": "Polygon",
        "coordinates": [
          [
            [
              75.0146,
              13.3409
            ],
            [
              75.05853,
              13.46206
            ],
            [
              74.95974,
              13.54208
            ],
            [
              74.81493,
              13.50343
            ],
            [
              74.7421,
              13.44903
            ],
            [
              74.67566,
              13.48917
            ],
            [
              74.52875,
              13.53812
            ],
            [
              74.40575,
              13.46968
            ],
            [
              74.44032,
              13.3409
            ],
            [
              74.56055,
              13.27139
            ],
            [
              74.62418,
              13.2319
            ],
            [
              74.6547,
              13.14587
            ],
            [
              74.7421,
              13.07548
            ],
            [
              74.84381,
              13.11392
            ],
            [
              74.88502,
              13.20879
            ],
            [
              74.92286,
              13.27169
            ],
            [
              75.0146,
              13.3409
            ]
          ]
        ]
      }
    },
    {
      "type": "Feature",
      "properties": {
        "id": "KA-28",
        "name": "Uttara Kannada",
        "state": "Karnataka",
        "latitude": 14.7937,
        "longitude": 74.6869,
        "elevation": 500
      },
      "geometry": {
        "type": "Polygon",
        "coordinates": [
          [
            [
              75.03019,
              14.7937
            ],
            [
              75.01309,
              14.9178
            ],
            [
              74.86905,
              14.961
            ],
            [
              74.75318,
              14.94068
            ],
            [
              74.6869,
              14.96617
            ],
            [
              74.58671,
              15.01586
            ],
            [
              74.482,
              14.9819
            ],
            [
              74.46637,
              14.8776
            ],
            [
              74.49895,
              14.7937
            ],
            [
              74.48208,
              14.71577
            ],
            [
              74.466,
              14.5908
            ],
            [
              74.55429,
              14.49965
            ],
            [
              74.6869,
              14.54972
            ],
            [
              74.74356,
              14.66805
            ],
            [
              74.7752,
              14.71259
            ],
            [
              74.8959,
              14.71418
            ],
            [
              75.03019,
              14.7937
            ]
          ]
        ]
      }
    },
    {
      "type": "Feature",
      "properties": {
        "id": "KA-29",
        "name": "Vijayanagara",
        "state": "Karnataka",
        "latitude": 15.2716,
        "longitude": 76.3888,
        "elevation": 480
      },
      "geometry": {
        "type": "Polygon",
        "coordinates": [
          [
            [
              76.59711,
              15.2716
            ],
            [
              76.51759,
              15.32049
            ],
            [
              76.51905,
              15.39096
            ],
            [
              76.5066,
              15.53223
            ],
            [
              76.3888,
              15.6172
            ],
            [
              76.26879,
              15.53712
            ],
            [
              76.25707,
              15.39232
            ],
            [
              76.2669,
              15.31787
            ],
            [
              76.19062,
              15.2716
            ],
            [
              76.1152,
              15.16774
            ],
            [
              76.16656,
              15.06793
            ],
            [
              76.29288,
              15.05938
            ],
            [
              76.3888,
              15.08533
            ],
            [
              76.47977,
              15.07033
            ],
            [
              76.60239,
              15.07585
            ],
            [
              76.66267,
              15.16764
            ],
            [
              76.59711,
              15.2716
            ]
          ]
        ]
      }
    },
    {
      "type": "Feature",
      "properties": {
        "id": "KA-30",
        "name": "Vijayapura",
        "state": "Karnataka",
        "latitude": 16.8302,
        "longitude": 75.71,
        "elevation": 595
      },
      "geometry": {
        "type": "Polygon",
        "coordinates": [
          [
            [
              75.9836,
              16.8302
            ],
            [
              75.9013,
              16.90225
            ],
            [
              75.84437,
              16.95239
            ],
            [
              75.81109,
              17.05212
            ],
            [
              75.71,
              17.14624
            ],
            [
              75.58363,
              17.10762
            ],
            [
              75.55866,
              16.96781
            ],
            [
              75.59749,
              16.87258
            ],
            [
              75.55223,
              16.8302
            ],
            [
              75.44709,
              16.73118
            ],
            [
              75.45178,
              16.5954
            ],
            [
              75.58727,
              16.56077
            ],
            [
              75.71,
              16.63408
            ],
            [
              75.77611,
              16.68507
            ],
            [
              75.86936,
              16.68529
            ],
            [
              75.97602,
              16.73
            ],
            [
              75.9836,
              16.8302
            ]
          ]
        ]
      }
    },
    {
      "type": "Feature",
      "properties": {
        "id": "KA-31",
        "name": "Yadgir",
        "state": "Karnataka",
        "latitude": 16.7644,
        "longitude": 77.1378,
        "elevation": 389
      },
      "geometry": {
        "type": "Polygon",
        "coordinates": [
          [
            [
              77.29653,
              16.7644
            ],
            [
              77.24969,
              16.80656
            ],
            [
              77.28806,
              16.90108
            ],
            [
              77.26417,
              17.04191
            ],
            [
              77.1378,
              17.0825
            ],
            [
              77.03593,
              16.98811
            ],
            [
              77.00397,
              16.88613
            ],
            [
              76.94956,
              16.83532
            ],
            [
              76.86683,
              16.7644
            ],
            [
              76.87112,
              16.66392
            ],
            [
              76.97622,
              16.61743
            ],
            [
              77.07086,
              16.61741
            ],
            [
              77.1378,
              16.56897
            ],
            [
              77.2596,
              16.49691
            ],
            [
              77.39518,
              16.53028
            ],
            [
              77.40146,
              16.66506
            ],
            [
              77.29653,
              16.7644
            ]
          ]
        ]
      }
    }
  ]
}